id;nombre;descripcion;precio;categoria;imagen;url_producto;imagen_incrustada;subcategoria;stock;warehouseStock
PRD-001;TOMATES PERITA X KG;;2.99;frutas-vegetales;/images/products/scraped/p1.jpg;https://vallearriba.elplazas.com/tomate-perita.html;"=IMAGE(""https://jomstudiovzla.github.io/minegocio/images/products/scraped/p1.jpg"", 1)";Frutas;100;50
PRD-002;PIMENTON ROJO X KG;;5.95;frutas-vegetales;/images/products/scraped/p5.jpg;https://vallearriba.elplazas.com/plz-24378kg.html;"=IMAGE(""https://jomstudiovzla.github.io/minegocio/images/products/scraped/p5.jpg"", 1)";Frutas;100;50
PRD-003;FLORES DE BROCOLI VIMA CONGELADAS 450G;;6.25;frutas-vegetales;/images/products/scraped/p9.jpg;https://vallearriba.elplazas.com/plz-20004614un.html;"=IMAGE(""https://jomstudiovzla.github.io/minegocio/images/products/scraped/p9.jpg"", 1)";Frutas;100;50
PRD-004;CELERY X KG;;2.99;frutas-vegetales;/images/products/scraped/p13.jpg;https://vallearriba.elplazas.com/celery.html;"=IMAGE(""https://jomstudiovzla.github.io/minegocio/images/products/scraped/p13.jpg"", 1)";Frutas;100;50
PRD-005;ACELGAS LOS FRESCALES BOLSA DE 300G;;4.50;frutas-vegetales;/images/products/scraped/p18.jpg;https://vallearriba.elplazas.com/acelgas-frescales-300g.html;"=IMAGE(""https://jomstudiovzla.github.io/minegocio/images/products/scraped/p18.jpg"", 1)";Frutas;100;50
PRD-006;VAINITAS X KG;;3.75;frutas-vegetales;/images/products/scraped/p22.jpg;https://vallearriba.elplazas.com/vainitas.html;"=IMAGE(""https://jomstudiovzla.github.io/minegocio/images/products/scraped/p22.jpg"", 1)";Frutas;100;50
PRD-007;OCUMO CHINO X KG;;2.45;frutas-vegetales;/images/products/scraped/p27.jpg;https://vallearriba.elplazas.com/ocumo-chino.html;"=IMAGE(""https://jomstudiovzla.github.io/minegocio/images/products/scraped/p27.jpg"", 1)";Frutas;100;50
PRD-008;TOMATES DE ARBOL X KG;;4.25;frutas-vegetales;/images/products/scraped/p31.jpg;https://vallearriba.elplazas.com/tomate-de-arbol.html;"=IMAGE(""https://jomstudiovzla.github.io/minegocio/images/products/scraped/p31.jpg"", 1)";Frutas;100;50
PRD-009;PIMIENTOS SWEET PALERMO HORTALIZAS PREMIUM 500G;;9.85;frutas-vegetales;/images/products/scraped/p36.jpg;https://vallearriba.elplazas.com/plz-20005011un.html;"=IMAGE(""https://jomstudiovzla.github.io/minegocio/images/products/scraped/p36.jpg"", 1)";Frutas;100;50
PRD-010;TOMATES CHERRY HORTALIZAS PREMIUM 300G;;4.95;frutas-vegetales;/images/products/scraped/p40.jpg;https://vallearriba.elplazas.com/plz-20005009un.html;"=IMAGE(""https://jomstudiovzla.github.io/minegocio/images/products/scraped/p40.jpg"", 1)";Frutas;100;50
PRD-011;ESCAROLA X KG;;3.75;frutas-vegetales;/images/products/scraped/p44.jpg;https://vallearriba.elplazas.com/escarola.html;"=IMAGE(""https://jomstudiovzla.github.io/minegocio/images/products/scraped/p44.jpg"", 1)";Frutas;100;50
PRD-012;RUGULA LOS FRESCALES 100G;;3.30;frutas-vegetales;/images/products/scraped/p50.jpg;https://vallearriba.elplazas.com/plz-20004055un.html;"=IMAGE(""https://jomstudiovzla.github.io/minegocio/images/products/scraped/p50.jpg"", 1)";Frutas;100;50
PRD-013;ACELGAS TIERNAS FINCA DOS AGUAS 200G;;2.60;frutas-vegetales;/images/products/scraped/p54.jpg;https://vallearriba.elplazas.com/acelgas-tiernas-finca-dos-aguas-200g.html;"=IMAGE(""https://jomstudiovzla.github.io/minegocio/images/products/scraped/p54.jpg"", 1)";Frutas;100;50
PRD-014;PULPA DE DURAZNO COTOPERI 397G;;2.89;frutas-vegetales;/images/products/scraped/p58.jpg;https://vallearriba.elplazas.com/plz-20004864001un.html;"=IMAGE(""https://jomstudiovzla.github.io/minegocio/images/products/scraped/p58.jpg"", 1)";Frutas;100;50
PRD-015;CEBOLLIN X KG;;2.99;frutas-vegetales;/images/products/scraped/p62.jpg;https://vallearriba.elplazas.com/cebollin.html;"=IMAGE(""https://jomstudiovzla.github.io/minegocio/images/products/scraped/p62.jpg"", 1)";Frutas;100;50
PRD-016;ALBAHACA CULPROFRES 30G;;2.05;frutas-vegetales;/images/products/scraped/p66.jpg;https://vallearriba.elplazas.com/plz-20003958un.html;"=IMAGE(""https://jomstudiovzla.github.io/minegocio/images/products/scraped/p66.jpg"", 1)";Frutas;100;50
PRD-017;ESPINACAS CULPROFRES 125G;;1.75;frutas-vegetales;/images/products/scraped/p70.jpg;https://vallearriba.elplazas.com/plz-20003954un.html;"=IMAGE(""https://jomstudiovzla.github.io/minegocio/images/products/scraped/p70.jpg"", 1)";Frutas;100;50
PRD-018;ZANAHORIAS X KG;;2.45;frutas-vegetales;/images/products/scraped/p3.jpg;https://vallearriba.elplazas.com/plz-24299kg.html;"=IMAGE(""https://jomstudiovzla.github.io/minegocio/images/products/scraped/p3.jpg"", 1)";Tubérculos;100;50
PRD-019;REPOLLO BLANCO X KG;;1.15;frutas-vegetales;/images/products/scraped/p7.jpg;https://vallearriba.elplazas.com/repollo-blanco.html;"=IMAGE(""https://jomstudiovzla.github.io/minegocio/images/products/scraped/p7.jpg"", 1)";Tubérculos;100;50
PRD-020;PULPA DE DURAZNO TU VERDURA 1KG;;5.35;frutas-vegetales;/images/products/scraped/p11.jpg;https://vallearriba.elplazas.com/plz-20003500un.html;"=IMAGE(""https://jomstudiovzla.github.io/minegocio/images/products/scraped/p11.jpg"", 1)";Tubérculos;100;50
PRD-021;PULPA DE MORA COTOPERI 397G;;3.35;frutas-vegetales;/images/products/scraped/p16.jpg;https://vallearriba.elplazas.com/plz-20004864004un.html;"=IMAGE(""https://jomstudiovzla.github.io/minegocio/images/products/scraped/p16.jpg"", 1)";Tubérculos;100;50
PRD-022;PAK CHOI ARAUAK MICROGREENS 50G;;5.15;frutas-vegetales;/images/products/scraped/p20.jpg;https://vallearriba.elplazas.com/plz-20004502un.html;"=IMAGE(""https://jomstudiovzla.github.io/minegocio/images/products/scraped/p20.jpg"", 1)";Tubérculos;100;50
PRD-023;AJO PELADO CULPROFES 150G;;4.00;frutas-vegetales;/images/products/scraped/p25.jpg;https://vallearriba.elplazas.com/ajo-pelado-culprofres-150g.html;"=IMAGE(""https://jomstudiovzla.github.io/minegocio/images/products/scraped/p25.jpg"", 1)";Tubérculos;100;50
PRD-024;HIERBABUENA CULPROFRES 25G;;1.60;frutas-vegetales;/images/products/scraped/p29.jpg;https://vallearriba.elplazas.com/plz-20003950un.html;"=IMAGE(""https://jomstudiovzla.github.io/minegocio/images/products/scraped/p29.jpg"", 1)";Tubérculos;100;50
PRD-025;PIMIENTOS KAPIA MIXTOS HORTALIZAS PREMIUM 500G;;9.85;frutas-vegetales;/images/products/scraped/p34.jpg;https://vallearriba.elplazas.com/plz-20005012un.html;"=IMAGE(""https://jomstudiovzla.github.io/minegocio/images/products/scraped/p34.jpg"", 1)";Tubérculos;100;50
PRD-026;NISPEROS X KG;;3.25;frutas-vegetales;/images/products/scraped/p38.jpg;https://vallearriba.elplazas.com/nispero.html;"=IMAGE(""https://jomstudiovzla.github.io/minegocio/images/products/scraped/p38.jpg"", 1)";Tubérculos;100;50
PRD-027;AJO CRIOLLO X KG;;8.95;frutas-vegetales;/images/products/scraped/p42.jpg;https://vallearriba.elplazas.com/ajo-criollo.html;"=IMAGE(""https://jomstudiovzla.github.io/minegocio/images/products/scraped/p42.jpg"", 1)";Tubérculos;100;50
PRD-028;MANZANA PINK LADY X KG;;6.15;frutas-vegetales;/images/products/scraped/p47.jpg;https://vallearriba.elplazas.com/plz-24337kg.html;"=IMAGE(""https://jomstudiovzla.github.io/minegocio/images/products/scraped/p47.jpg"", 1)";Tubérculos;100;50
PRD-029;NABO X KG;;4.99;frutas-vegetales;/images/products/scraped/p52.jpg;https://vallearriba.elplazas.com/plz-24205kg.html;"=IMAGE(""https://jomstudiovzla.github.io/minegocio/images/products/scraped/p52.jpg"", 1)";Tubérculos;100;50
PRD-030;BROTES DE FRIJOL CHINO ARAUAK 250G;;2.50;frutas-vegetales;/images/products/scraped/p56.jpg;https://vallearriba.elplazas.com/plz-20004507un.html;"=IMAGE(""https://jomstudiovzla.github.io/minegocio/images/products/scraped/p56.jpg"", 1)";Tubérculos;100;50
PRD-031;AJI DULCE X KG;;3.35;frutas-vegetales;/images/products/scraped/p60.jpg;https://vallearriba.elplazas.com/plz-24007kg.html;"=IMAGE(""https://jomstudiovzla.github.io/minegocio/images/products/scraped/p60.jpg"", 1)";Tubérculos;100;50
PRD-032;MEREY SALADO X KG;;38.95;frutas-vegetales;/images/products/scraped/p64.jpg;https://vallearriba.elplazas.com/plz-24749kg.html;"=IMAGE(""https://jomstudiovzla.github.io/minegocio/images/products/scraped/p64.jpg"", 1)";Tubérculos;100;50
PRD-033;RABANOS X KG;;4.99;frutas-vegetales;/images/products/scraped/p68.jpg;https://vallearriba.elplazas.com/rabano.html;"=IMAGE(""https://jomstudiovzla.github.io/minegocio/images/products/scraped/p68.jpg"", 1)";Tubérculos;100;50
PRD-034;PEREJIL RIZADO CULPROFRES 25G;;1.50;frutas-vegetales;/images/products/scraped/p72.jpg;https://vallearriba.elplazas.com/plz-20005364un.html;"=IMAGE(""https://jomstudiovzla.github.io/minegocio/images/products/scraped/p72.jpg"", 1)";Tubérculos;100;50
PRD-035;CALABACINES X KG;;1.25;frutas-vegetales;/images/products/scraped/p4.jpg;https://vallearriba.elplazas.com/calabacin.html;"=IMAGE(""https://jomstudiovzla.github.io/minegocio/images/products/scraped/p4.jpg"", 1)";Verdes y hojas;100;50
PRD-036;CARNE MOLIDA SV;;9.95;refrigerados-congelados;/images/products/scraped/p75.jpg;https://vallearriba.elplazas.com/plz-22357kg.html;"=IMAGE(""https://jomstudiovzla.github.io/minegocio/images/products/scraped/p75.jpg"", 1)";Carnes;100;50
PRD-037;SOLOMO DE CUERITO SV;;13.75;refrigerados-congelados;/images/products/scraped/p80.jpg;https://vallearriba.elplazas.com/plz-22354kg.html;"=IMAGE(""https://jomstudiovzla.github.io/minegocio/images/products/scraped/p80.jpg"", 1)";Carnes;100;50
PRD-038;ROAST BEEF DE POLLO PLAZAS CRUDO X KG;;14.99;refrigerados-congelados;/images/products/scraped/p85.jpg;https://vallearriba.elplazas.com/plz-23266kg.html;"=IMAGE(""https://jomstudiovzla.github.io/minegocio/images/products/scraped/p85.jpg"", 1)";Carnes;100;50
PRD-039;GALLINA ENTERA X KG;;4.75;refrigerados-congelados;/images/products/scraped/p90.jpg;https://vallearriba.elplazas.com/gallina-entera.html;"=IMAGE(""https://jomstudiovzla.github.io/minegocio/images/products/scraped/p90.jpg"", 1)";Carnes;100;50
PRD-040;CHIPICHIPI CON CONCHA X KG;;3.25;refrigerados-congelados;/images/products/scraped/p95.jpg;https://vallearriba.elplazas.com/plz-26027kg.html;"=IMAGE(""https://jomstudiovzla.github.io/minegocio/images/products/scraped/p95.jpg"", 1)";Carnes;100;50
PRD-041;ALBONDIGAS DE RES PLAZAS CRUDAS X KG;;12.95;refrigerados-congelados;/images/products/scraped/p100.jpg;https://vallearriba.elplazas.com/albondigas-de-res-alinadas-plazas.html;"=IMAGE(""https://jomstudiovzla.github.io/minegocio/images/products/scraped/p100.jpg"", 1)";Carnes;100;50
PRD-042;LOMO DE CERDO NATURAL PLAZAS X KG;;13.75;refrigerados-congelados;/images/products/scraped/p105.jpg;https://vallearriba.elplazas.com/lomo-de-cerdo-crudo-plazas-por-kilo.html;"=IMAGE(""https://jomstudiovzla.github.io/minegocio/images/products/scraped/p105.jpg"", 1)";Carnes;100;50
PRD-043;QUESO MOZZARELLA CRISBRAY 2021 X KG;;12.99;refrigerados-congelados;/images/products/scraped/p111.jpg;https://vallearriba.elplazas.com/plz-20772kg.html;"=IMAGE(""https://jomstudiovzla.github.io/minegocio/images/products/scraped/p111.jpg"", 1)";Carnes;100;50
PRD-044;QUESO CATA DE ANO RALLADO X KG;;17.29;refrigerados-congelados;/images/products/scraped/p118.jpg;https://vallearriba.elplazas.com/plz-20647kg.html;"=IMAGE(""https://jomstudiovzla.github.io/minegocio/images/products/scraped/p118.jpg"", 1)";Carnes;100;50
PRD-045;QUESO PARMESANO QUENACA X KG;;50.00;refrigerados-congelados;/images/products/scraped/p123.jpg;https://vallearriba.elplazas.com/plz-20294kg.html;"=IMAGE(""https://jomstudiovzla.github.io/minegocio/images/products/scraped/p123.jpg"", 1)";Carnes;100;50
PRD-046;QUESO BOCCONCINI DE BUFALA X KG;;25.99;refrigerados-congelados;/images/products/scraped/p128.jpg;https://vallearriba.elplazas.com/plz-20185kg.html;"=IMAGE(""https://jomstudiovzla.github.io/minegocio/images/products/scraped/p128.jpg"", 1)";Carnes;100;50
PRD-047;MORTADELA TAPARA PISTACHO PLUMROSE X KG;;22.32;refrigerados-congelados;/images/products/scraped/p133.jpg;https://vallearriba.elplazas.com/plz-21200kg.html;"=IMAGE(""https://jomstudiovzla.github.io/minegocio/images/products/scraped/p133.jpg"", 1)";Carnes;100;50
PRD-048;QUESO BOCCONCINI BUFALINDA 400G;;6.79;refrigerados-congelados;/images/products/scraped/p138.jpg;https://vallearriba.elplazas.com/queso-bocconcini-bufalinda-400g.html;"=IMAGE(""https://jomstudiovzla.github.io/minegocio/images/products/scraped/p138.jpg"", 1)";Carnes;100;50
PRD-049;QUESO GUAYAMANO X UN;;8.99;refrigerados-congelados;/images/products/scraped/p143.jpg;https://vallearriba.elplazas.com/plz-20194un.html;"=IMAGE(""https://jomstudiovzla.github.io/minegocio/images/products/scraped/p143.jpg"", 1)";Carnes;100;50
PRD-050;JAMON DE PIERNA MALLORCA LIGHT X KG;;12.69;refrigerados-congelados;/images/products/scraped/p151.jpg;https://vallearriba.elplazas.com/jamon-de-pierna-mallorca-light-por-kilo.html;"=IMAGE(""https://jomstudiovzla.github.io/minegocio/images/products/scraped/p151.jpg"", 1)";Carnes;100;50
PRD-051;QUESO PECORINO TOSCANO FLOR DE ARAGUA CON PIMIENTA X KG;;57.49;refrigerados-congelados;/images/products/scraped/p156.jpg;https://vallearriba.elplazas.com/plz-20312kg.html;"=IMAGE(""https://jomstudiovzla.github.io/minegocio/images/products/scraped/p156.jpg"", 1)";Carnes;100;50
PRD-052;SALCHICHAS COCIDAS TOVAR TIPO POLACA 5UN;;9.76;refrigerados-congelados;/images/products/scraped/p161.jpg;https://vallearriba.elplazas.com/plz-20004323un.html;"=IMAGE(""https://jomstudiovzla.github.io/minegocio/images/products/scraped/p161.jpg"", 1)";Carnes;100;50
PRD-053;PASTA DE HIGADO COLONIA TOVAR HIERBAS 125G;;2.75;refrigerados-congelados;/images/products/scraped/p166.jpg;https://vallearriba.elplazas.com/plz-20000446un.html;"=IMAGE(""https://jomstudiovzla.github.io/minegocio/images/products/scraped/p166.jpg"", 1)";Carnes;100;50
PRD-054;QUESO AMARILLO MAJU X KG;;26.95;refrigerados-congelados;/images/products/scraped/p171.jpg;https://vallearriba.elplazas.com/plz-20097kg.html;"=IMAGE(""https://jomstudiovzla.github.io/minegocio/images/products/scraped/p171.jpg"", 1)";Carnes;100;50
PRD-055;QUESO BOCCONCINI BUFALINDA 600G;;12.99;refrigerados-congelados;/images/products/scraped/p176.jpg;https://vallearriba.elplazas.com/queso-bocconcini-bufalinda-600g.html;"=IMAGE(""https://jomstudiovzla.github.io/minegocio/images/products/scraped/p176.jpg"", 1)";Carnes;100;50
PRD-056;QUESO MINITELITA AREPERO ENVASADO INDIVIDUAL X UN;;5.29;refrigerados-congelados;/images/products/scraped/p181.jpg;https://vallearriba.elplazas.com/plz-20178un.html;"=IMAGE(""https://jomstudiovzla.github.io/minegocio/images/products/scraped/p181.jpg"", 1)";Carnes;100;50
PRD-057;PECHUGA DE POLLO SIN HUESO X KG;;8.45;refrigerados-congelados;/images/products/scraped/p77.jpg;https://vallearriba.elplazas.com/plz-22079kg.html;"=IMAGE(""https://jomstudiovzla.github.io/minegocio/images/products/scraped/p77.jpg"", 1)";Charcutería;100;50
PRD-058;ALAS DE POLLO X KG;;4.25;refrigerados-congelados;/images/products/scraped/p82.jpg;https://vallearriba.elplazas.com/alas-de-pollo.html;"=IMAGE(""https://jomstudiovzla.github.io/minegocio/images/products/scraped/p82.jpg"", 1)";Charcutería;100;50
PRD-059;FILET DE PESCADILLA X KG;;18.35;refrigerados-congelados;/images/products/scraped/p87.jpg;https://vallearriba.elplazas.com/plz-26224kg.html;"=IMAGE(""https://jomstudiovzla.github.io/minegocio/images/products/scraped/p87.jpg"", 1)";Charcutería;100;50
PRD-060;POLLO ENTERO UN POLLO GRADO B X KG;;3.99;refrigerados-congelados;/images/products/scraped/p92.jpg;https://vallearriba.elplazas.com/plz-22564kg.html;"=IMAGE(""https://jomstudiovzla.github.io/minegocio/images/products/scraped/p92.jpg"", 1)";Charcutería;100;50
PRD-061;MEJILLONES CON CONCHA X KG;;7.55;refrigerados-congelados;/images/products/scraped/p97.jpg;https://vallearriba.elplazas.com/plz-26062kg.html;"=IMAGE(""https://jomstudiovzla.github.io/minegocio/images/products/scraped/p97.jpg"", 1)";Charcutería;100;50
PRD-062;PECHUGA DE POLLO MOLIDA X KG;;11.45;refrigerados-congelados;/images/products/scraped/p102.jpg;https://vallearriba.elplazas.com/plz-22021kg.html;"=IMAGE(""https://jomstudiovzla.github.io/minegocio/images/products/scraped/p102.jpg"", 1)";Charcutería;100;50
PRD-063;BATECITOS DE POLLO X KG;;6.85;refrigerados-congelados;/images/products/scraped/p107.jpg;https://vallearriba.elplazas.com/plz-22016kg.html;"=IMAGE(""https://jomstudiovzla.github.io/minegocio/images/products/scraped/p107.jpg"", 1)";Charcutería;100;50
PRD-064;QUESO BLANCO MERIDEÑO X KG;;10.99;refrigerados-congelados;/images/products/scraped/p113.jpg;https://vallearriba.elplazas.com/queso-blanco-merideno-por-kilo.html;"=IMAGE(""https://jomstudiovzla.github.io/minegocio/images/products/scraped/p113.jpg"", 1)";Charcutería;100;50
PRD-065;PEPPERONI MALLORCA X KG;;18.99;refrigerados-congelados;/images/products/scraped/p120.jpg;https://vallearriba.elplazas.com/plz-21433kg.html;"=IMAGE(""https://jomstudiovzla.github.io/minegocio/images/products/scraped/p120.jpg"", 1)";Charcutería;100;50
PRD-066;SALCHICHAS BLANCAS LEONESA X KG;;21.09;refrigerados-congelados;/images/products/scraped/p125.jpg;https://vallearriba.elplazas.com/plz-22216kg.html;"=IMAGE(""https://jomstudiovzla.github.io/minegocio/images/products/scraped/p125.jpg"", 1)";Charcutería;100;50
PRD-067;SALCHICHAS TIPO WIENERS LARGAS PLUMROSE 450G;;10.45;refrigerados-congelados;/images/products/scraped/p130.jpg;https://vallearriba.elplazas.com/salchichas-wieners-largas-plumrose-450g.html;"=IMAGE(""https://jomstudiovzla.github.io/minegocio/images/products/scraped/p130.jpg"", 1)";Charcutería;100;50
PRD-068;PECHUGA AHUMADA DE PAVO COCIDA SUPERIOR PLUMROSE;;17.99;refrigerados-congelados;/images/products/scraped/p135.jpg;https://vallearriba.elplazas.com/plz-21537kg.html;"=IMAGE(""https://jomstudiovzla.github.io/minegocio/images/products/scraped/p135.jpg"", 1)";Charcutería;100;50
PRD-069;QUESO BLANCO PASTEURIZADO MONTESANO X KG;;16.99;refrigerados-congelados;/images/products/scraped/p140.jpg;https://vallearriba.elplazas.com/plz-20743kg.html;"=IMAGE(""https://jomstudiovzla.github.io/minegocio/images/products/scraped/p140.jpg"", 1)";Charcutería;100;50
PRD-070;LOMO EMBUCHADO LA LEONESA AL VACIO 90G;;8.19;refrigerados-congelados;/images/products/scraped/p145.jpg;https://vallearriba.elplazas.com/plz-20004759un.html;"=IMAGE(""https://jomstudiovzla.github.io/minegocio/images/products/scraped/p145.jpg"", 1)";Charcutería;100;50
PRD-071;LENTEJAS MARY 400G;;1.60;viveres;/images/products/scraped/p186.jpg;https://vallearriba.elplazas.com/plz-16002035un.html;"=IMAGE(""https://jomstudiovzla.github.io/minegocio/images/products/scraped/p186.jpg"", 1)";Aceites y salsas;100;50
PRD-072;PASTA MARY SUPERIOR PLUMA 1KG;;2.49;viveres;/images/products/scraped/p191.jpg;https://vallearriba.elplazas.com/pasta-premium-plumitas-mary-1kg.html;"=IMAGE(""https://jomstudiovzla.github.io/minegocio/images/products/scraped/p191.jpg"", 1)";Aceites y salsas;100;50
PRD-073;PASTA COLAVITA VERMICELLI 500G;;3.95;viveres;/images/products/scraped/p196.jpg;https://vallearriba.elplazas.com/pasta-vermicelli-colavita-500g.html;"=IMAGE(""https://jomstudiovzla.github.io/minegocio/images/products/scraped/p196.jpg"", 1)";Aceites y salsas;100;50
PRD-074;PASTA DE CECCO SPAGHETTINI 500G;;4.25;viveres;/images/products/scraped/p201.jpg;https://vallearriba.elplazas.com/plz-10001679un.html;"=IMAGE(""https://jomstudiovzla.github.io/minegocio/images/products/scraped/p201.jpg"", 1)";Aceites y salsas;100;50
PRD-075;PASTA MARY PREMIUM RIGATONI 500G;;1.49;viveres;/images/products/scraped/p206.jpg;https://vallearriba.elplazas.com/pasta-premium-rigatoni-mary-500g.html;"=IMAGE(""https://jomstudiovzla.github.io/minegocio/images/products/scraped/p206.jpg"", 1)";Aceites y salsas;100;50
PRD-076;PASTA RONCO PREMIUM VERMICELLI 1KG;;2.39;viveres;/images/products/scraped/p211.jpg;https://vallearriba.elplazas.com/pasta-premium-vermicelli-ronco-1kg.html;"=IMAGE(""https://jomstudiovzla.github.io/minegocio/images/products/scraped/p211.jpg"", 1)";Aceites y salsas;100;50
PRD-077;PASTA RONCO PREMIUM TORNILLO 1KG;;2.45;viveres;/images/products/scraped/p216.jpg;https://vallearriba.elplazas.com/pasta-premiun-tornillo-ronco-1kg.html;"=IMAGE(""https://jomstudiovzla.github.io/minegocio/images/products/scraped/p216.jpg"", 1)";Aceites y salsas;100;50
PRD-078;PASTA CAPRI DEDALITO 1KG;;2.19;viveres;/images/products/scraped/p221.jpg;https://vallearriba.elplazas.com/plz-16000313un.html;"=IMAGE(""https://jomstudiovzla.github.io/minegocio/images/products/scraped/p221.jpg"", 1)";Aceites y salsas;100;50
PRD-079;PASSATA GRANORO 690G;;9.16;viveres;/images/products/scraped/p226.jpg;https://vallearriba.elplazas.com/plz-10017969un.html;"=IMAGE(""https://jomstudiovzla.github.io/minegocio/images/products/scraped/p226.jpg"", 1)";Aceites y salsas;100;50
PRD-080;PASTA RONCO PREMIUM LINGUINI 1KG;;2.59;viveres;/images/products/scraped/p232.jpg;https://vallearriba.elplazas.com/pasta-linguini-premium-ronco-1kg.html;"=IMAGE(""https://jomstudiovzla.github.io/minegocio/images/products/scraped/p232.jpg"", 1)";Aceites y salsas;100;50
PRD-081;PASTA EDUARDO AL HUEVO FIDEOS 250G;;2.30;viveres;/images/products/scraped/p237.jpg;https://vallearriba.elplazas.com/fideos-pasta-al-huevo-eduardo-250g.html;"=IMAGE(""https://jomstudiovzla.github.io/minegocio/images/products/scraped/p237.jpg"", 1)";Aceites y salsas;100;50
PRD-082;PASTA CAPRI PLUMA 1KG;;2.19;viveres;/images/products/scraped/p242.jpg;https://vallearriba.elplazas.com/pasta-pluma-capri-1kg.html;"=IMAGE(""https://jomstudiovzla.github.io/minegocio/images/products/scraped/p242.jpg"", 1)";Aceites y salsas;100;50
PRD-083;PASTA EDUARDO CANELONES DIRECTO AL HORNO 250G;;2.45;viveres;/images/products/scraped/p248.jpg;https://vallearriba.elplazas.com/canelones-al-horno-eduardo-250g.html;"=IMAGE(""https://jomstudiovzla.github.io/minegocio/images/products/scraped/p248.jpg"", 1)";Aceites y salsas;100;50
PRD-084;TOMATES ENTEROS ITALDORO 800G;;5.92;viveres;/images/products/scraped/p253.jpg;https://vallearriba.elplazas.com/tomates-enteros-italdoro-800g.html;"=IMAGE(""https://jomstudiovzla.github.io/minegocio/images/products/scraped/p253.jpg"", 1)";Aceites y salsas;100;50
PRD-085;MALTA MALTIN POLAR EN BOTELLA NO RETORNABLE 250ML;;0.93;viveres;/images/products/scraped/p258.jpg;https://vallearriba.elplazas.com/malta-maltin-polar-en-botella-250ml.html;"=IMAGE(""https://jomstudiovzla.github.io/minegocio/images/products/scraped/p258.jpg"", 1)";Aceites y salsas;100;50
PRD-086;COCA COLA ORIGINAL 1L;;1.02;viveres;/images/products/scraped/p263.jpg;https://vallearriba.elplazas.com/coca-cola-original-botella-de-1-litro.html;"=IMAGE(""https://jomstudiovzla.github.io/minegocio/images/products/scraped/p263.jpg"", 1)";Aceites y salsas;100;50
PRD-087;AGUA MINERAL MINALBA 5L;;6.37;viveres;/images/products/scraped/p268.jpg;https://vallearriba.elplazas.com/agua-mineral-minalba-5lt.html;"=IMAGE(""https://jomstudiovzla.github.io/minegocio/images/products/scraped/p268.jpg"", 1)";Aceites y salsas;100;50
PRD-088;BEBIDA SAN PELLEGRINO LIMONATA 330ML;;4.14;viveres;/images/products/scraped/p273.jpg;https://vallearriba.elplazas.com/plz-10016230un.html;"=IMAGE(""https://jomstudiovzla.github.io/minegocio/images/products/scraped/p273.jpg"", 1)";Aceites y salsas;100;50
PRD-089;MALTA MALTIN POLAR 1.5L;;1.93;viveres;/images/products/scraped/p280.jpg;https://vallearriba.elplazas.com/malta-maltin-polar-1-5litros.html;"=IMAGE(""https://jomstudiovzla.github.io/minegocio/images/products/scraped/p280.jpg"", 1)";Aceites y salsas;100;50
PRD-090;SODA SCHWEPPES LATA DE 355CC;;1.40;viveres;/images/products/scraped/p285.jpg;https://vallearriba.elplazas.com/soda-schweppes-en-lata-355cc.html;"=IMAGE(""https://jomstudiovzla.github.io/minegocio/images/products/scraped/p285.jpg"", 1)";Aceites y salsas;100;50
PRD-091;JUGO DE NARANJA Y ZANAHORIA SANTAL ACTIVE 500ML;;2.63;viveres;/images/products/scraped/p290.jpg;https://vallearriba.elplazas.com/plz-10014958un.html;"=IMAGE(""https://jomstudiovzla.github.io/minegocio/images/products/scraped/p290.jpg"", 1)";Aceites y salsas;100;50
PRD-092;JUGO LOS ANDES DE DURAZNO 1800CC;;6.45;viveres;/images/products/scraped/p295.jpg;https://vallearriba.elplazas.com/plz-20000207un.html;"=IMAGE(""https://jomstudiovzla.github.io/minegocio/images/products/scraped/p295.jpg"", 1)";Aceites y salsas;100;50
PRD-093;BEBIDA EN POLVO NESTEA LIMON 1KG;;18.90;viveres;/images/products/scraped/p300.jpg;https://vallearriba.elplazas.com/nestea-de-limon-1kg.html;"=IMAGE(""https://jomstudiovzla.github.io/minegocio/images/products/scraped/p300.jpg"", 1)";Aceites y salsas;100;50
PRD-094;BEBIDA EN POLVO CLIGHT 9G, TORONJA ROSADA;;1.01;viveres;/images/products/scraped/p305.jpg;https://vallearriba.elplazas.com/plz-10005987009un.html;"=IMAGE(""https://jomstudiovzla.github.io/minegocio/images/products/scraped/p305.jpg"", 1)";Aceites y salsas;100;50
PRD-095;BEBIDA EN POLVO NESQUIK CHOCOLATE 570G;;14.34;viveres;/images/products/scraped/p310.jpg;https://vallearriba.elplazas.com/plz-10017631un.html;"=IMAGE(""https://jomstudiovzla.github.io/minegocio/images/products/scraped/p310.jpg"", 1)";Aceites y salsas;100;50
PRD-096;REFRESCO FANTA NARANJA PET 1,5L;;1.15;viveres;/images/products/scraped/p317.jpg;https://vallearriba.elplazas.com/plz-10017605un.html;"=IMAGE(""https://jomstudiovzla.github.io/minegocio/images/products/scraped/p317.jpg"", 1)";Aceites y salsas;100;50
PRD-097;NECTAR LA PASTORENA UHT DE PERA 1L;;3.21;viveres;/images/products/scraped/p322.jpg;https://vallearriba.elplazas.com/plz-10010227003un.html;"=IMAGE(""https://jomstudiovzla.github.io/minegocio/images/products/scraped/p322.jpg"", 1)";Aceites y salsas;100;50
PRD-098;COCA COLA SIN AZUCAR LATA DE 355CC;;1.04;viveres;/images/products/scraped/p328.jpg;https://vallearriba.elplazas.com/plz-10011858un.html;"=IMAGE(""https://jomstudiovzla.github.io/minegocio/images/products/scraped/p328.jpg"", 1)";Aceites y salsas;100;50
PRD-099;MAIZ PARA COTUFAS MARY 400 G;;1.55;viveres;/images/products/scraped/p333.jpg;https://vallearriba.elplazas.com/plz-16002383un.html;"=IMAGE(""https://jomstudiovzla.github.io/minegocio/images/products/scraped/p333.jpg"", 1)";Aceites y salsas;100;50
PRD-100;PLATANITOS NATUCHIPS CON SAL 80G;;2.15;viveres;/images/products/scraped/p338.jpg;https://vallearriba.elplazas.com/plz-10012891un.html;"=IMAGE(""https://jomstudiovzla.github.io/minegocio/images/products/scraped/p338.jpg"", 1)";Aceites y salsas;100;50
PRD-101;COTUFAS ACARAMELADAS COMETIN 100G;;1.24;viveres;/images/products/scraped/p343.jpg;https://vallearriba.elplazas.com/plz-10013798un.html;"=IMAGE(""https://jomstudiovzla.github.io/minegocio/images/products/scraped/p343.jpg"", 1)";Aceites y salsas;100;50
PRD-102;PAPAS EL VALLE PREMIUM SABOR TRUFA NEGRA 150G;;7.30;viveres;/images/products/scraped/p350.jpg;https://vallearriba.elplazas.com/plz-10015923un.html;"=IMAGE(""https://jomstudiovzla.github.io/minegocio/images/products/scraped/p350.jpg"", 1)";Aceites y salsas;100;50
PRD-103;PLATANITOS ONDULADOS NATUCHIPS 145G;;3.80;viveres;/images/products/scraped/p355.jpg;https://vallearriba.elplazas.com/platanitos-ondulados-natuchips-145g.html;"=IMAGE(""https://jomstudiovzla.github.io/minegocio/images/products/scraped/p355.jpg"", 1)";Aceites y salsas;100;50
PRD-104;CHEESE TRIS DE 450G XXL;;5.80;viveres;/images/products/scraped/p360.jpg;https://vallearriba.elplazas.com/chesse-tris-450g.html;"=IMAGE(""https://jomstudiovzla.github.io/minegocio/images/products/scraped/p360.jpg"", 1)";Aceites y salsas;100;50
PRD-105;KESITOS MUNCHY XXL 180G;;3.35;viveres;/images/products/scraped/p365.jpg;https://vallearriba.elplazas.com/plz-10015021un.html;"=IMAGE(""https://jomstudiovzla.github.io/minegocio/images/products/scraped/p365.jpg"", 1)";Aceites y salsas;100;50
PRD-106;PAPEL HIGIENICO ROSAL PLUS 4 ROLLOS DE 215 HOJAS;;1.50;cuidado-personal-salud;/images/products/scraped/p556.jpg;https://vallearriba.elplazas.com/plz-30004292un.html;"=IMAGE(""https://jomstudiovzla.github.io/minegocio/images/products/scraped/p556.jpg"", 1)";Cuidado corporal;100;50
PRD-107;CREMA DENTAL COLGATE TRIPLE ACCION 100ML;;4.14;cuidado-personal-salud;/images/products/scraped/p559.jpg;https://vallearriba.elplazas.com/crema-dental-colgate-triple-accion-100cc.html;"=IMAGE(""https://jomstudiovzla.github.io/minegocio/images/products/scraped/p559.jpg"", 1)";Cuidado corporal;100;50
PRD-108;AGUA OXIGENADA IGORA VITAL 30 VOL 50ML;;2.29;cuidado-personal-salud;/images/products/scraped/p562.jpg;https://vallearriba.elplazas.com/plz-36005415un.html;"=IMAGE(""https://jomstudiovzla.github.io/minegocio/images/products/scraped/p562.jpg"", 1)";Cuidado corporal;100;50
PRD-109;PANTOPRAZOL COLMED 40MG X 10 TABLETAS RECUBIERTAS ENTERICAS;;8.15;cuidado-personal-salud;/images/products/scraped/p566.jpg;https://vallearriba.elplazas.com/plz-40010043un.html;"=IMAGE(""https://jomstudiovzla.github.io/minegocio/images/products/scraped/p566.jpg"", 1)";Cuidado corporal;100;50
PRD-110;TINTE MYSTIC RUBIO CLARO PLATINADO 12.0 TUBO DE 60G;;5.19;cuidado-personal-salud;/images/products/scraped/p569.jpg;https://vallearriba.elplazas.com/plz-36006692un.html;"=IMAGE(""https://jomstudiovzla.github.io/minegocio/images/products/scraped/p569.jpg"", 1)";Cuidado corporal;100;50
PRD-111;SINUX X 10 TABLETAS RECUBIERTAS;;8.15;cuidado-personal-salud;/images/products/scraped/p572.jpg;https://vallearriba.elplazas.com/plz-40011260un.html;"=IMAGE(""https://jomstudiovzla.github.io/minegocio/images/products/scraped/p572.jpg"", 1)";Cuidado corporal;100;50
PRD-112;QUINCHONCHO ARCO IRIS 300MG X 90 CAPS;;9.19;cuidado-personal-salud;/images/products/scraped/p575.jpg;https://vallearriba.elplazas.com/plz-40006104un.html;"=IMAGE(""https://jomstudiovzla.github.io/minegocio/images/products/scraped/p575.jpg"", 1)";Cuidado corporal;100;50
PRD-113;DIOSMINA CALOX 600MG X 14TABL RECUB;;15.90;cuidado-personal-salud;/images/products/scraped/p578.jpg;https://vallearriba.elplazas.com/plz-40008571un.html;"=IMAGE(""https://jomstudiovzla.github.io/minegocio/images/products/scraped/p578.jpg"", 1)";Cuidado corporal;100;50
PRD-114;MARTESIA 300MG X 14 CAPS;;14.11;cuidado-personal-salud;/images/products/scraped/p581.jpg;https://vallearriba.elplazas.com/plz-40009302un.html;"=IMAGE(""https://jomstudiovzla.github.io/minegocio/images/products/scraped/p581.jpg"", 1)";Cuidado corporal;100;50
PRD-115;ARNICA FC LOCION CORPORAL AEROSOL X 75G;;8.24;cuidado-personal-salud;/images/products/scraped/p584.jpg;https://vallearriba.elplazas.com/plz-40011362un.html;"=IMAGE(""https://jomstudiovzla.github.io/minegocio/images/products/scraped/p584.jpg"", 1)";Cuidado corporal;100;50
PRD-116;ACONDICIONADOR DRENE PROH CABELLO RIZADO 370ML;;4.94;cuidado-personal-salud;/images/products/scraped/p587.jpg;https://vallearriba.elplazas.com/plz-36005665un.html;"=IMAGE(""https://jomstudiovzla.github.io/minegocio/images/products/scraped/p587.jpg"", 1)";Cuidado corporal;100;50
PRD-117;GEL DEFINIDOR MIS RIZOS BBK C DISP 240ML;;7.60;cuidado-personal-salud;/images/products/scraped/p590.jpg;https://vallearriba.elplazas.com/plz-36007226un.html;"=IMAGE(""https://jomstudiovzla.github.io/minegocio/images/products/scraped/p590.jpg"", 1)";Cuidado corporal;100;50
PRD-118;CLARIX GOTAS NASALES 15ML;;11.39;cuidado-personal-salud;/images/products/scraped/p594.jpg;https://vallearriba.elplazas.com/plz-40002228un.html;"=IMAGE(""https://jomstudiovzla.github.io/minegocio/images/products/scraped/p594.jpg"", 1)";Cuidado corporal;100;50
PRD-119;TINTE LOREAL EXCELLENCE CREMA RUBIO CLARO CENIZA 8.1;;13.85;cuidado-personal-salud;/images/products/scraped/p597.jpg;https://vallearriba.elplazas.com/plz-36004979un.html;"=IMAGE(""https://jomstudiovzla.github.io/minegocio/images/products/scraped/p597.jpg"", 1)";Cuidado corporal;100;50
PRD-120;ACOND BBK MIS RIZOS 300ML;;8.05;cuidado-personal-salud;/images/products/scraped/p600.jpg;https://vallearriba.elplazas.com/plz-36007223un.html;"=IMAGE(""https://jomstudiovzla.github.io/minegocio/images/products/scraped/p600.jpg"", 1)";Cuidado corporal;100;50
PRD-121;TINTE ALFAPARF KIT DE 150G RUBIO OSCURO DORADO 6.3;;6.54;cuidado-personal-salud;/images/products/scraped/p604.jpg;https://vallearriba.elplazas.com/plz-36004500un.html;"=IMAGE(""https://jomstudiovzla.github.io/minegocio/images/products/scraped/p604.jpg"", 1)";Cuidado corporal;100;50
PRD-122;CEPILLO DENTAL COLGATE 360 ADVANCE TOTAL 12 SUAVE 2UN;;10.21;cuidado-personal-salud;/images/products/scraped/p608.jpg;https://vallearriba.elplazas.com/plz-36005614un.html;"=IMAGE(""https://jomstudiovzla.github.io/minegocio/images/products/scraped/p608.jpg"", 1)";Cuidado corporal;100;50
PRD-123;JENGIMIEL CON CURCUMA JARABE X 120ML;;10.40;cuidado-personal-salud;/images/products/scraped/p611.jpg;https://vallearriba.elplazas.com/plz-40010473un.html;"=IMAGE(""https://jomstudiovzla.github.io/minegocio/images/products/scraped/p611.jpg"", 1)";Cuidado corporal;100;50
PRD-124;FEXOFENADINA CALOX 120 MG X 10 TABL;;8.55;cuidado-personal-salud;/images/products/scraped/p615.jpg;https://vallearriba.elplazas.com/plz-40006903un.html;"=IMAGE(""https://jomstudiovzla.github.io/minegocio/images/products/scraped/p615.jpg"", 1)";Cuidado corporal;100;50
PRD-125;CENTELLASAN ARCO IRIS 300MG X 90 CAPSULAS;;18.79;cuidado-personal-salud;/images/products/scraped/p618.jpg;https://vallearriba.elplazas.com/plz-40008301un.html;"=IMAGE(""https://jomstudiovzla.github.io/minegocio/images/products/scraped/p618.jpg"", 1)";Cuidado corporal;100;50
PRD-126;ALIVET GRANULADO SABOR LIMON ADULTOS 15GX 6 SOBRES;;13.85;cuidado-personal-salud;/images/products/scraped/p622.jpg;https://vallearriba.elplazas.com/plz-40001704un.html;"=IMAGE(""https://jomstudiovzla.github.io/minegocio/images/products/scraped/p622.jpg"", 1)";Cuidado corporal;100;50
PRD-127;CREMA NUVEL ANTIOXIDANTE PARA PIEL SECA 25% GRATIS 750ML;;9.80;cuidado-personal-salud;/images/products/scraped/p626.jpg;https://vallearriba.elplazas.com/plz-36006438un.html;"=IMAGE(""https://jomstudiovzla.github.io/minegocio/images/products/scraped/p626.jpg"", 1)";Cuidado corporal;100;50
PRD-128;PAPEL HIGIENICO KIRKLAND 6 ROLLOS DE 380 HOJAS;;20.40;cuidado-personal-salud;/images/products/scraped/p629.jpg;https://vallearriba.elplazas.com/plz-36006963un.html;"=IMAGE(""https://jomstudiovzla.github.io/minegocio/images/products/scraped/p629.jpg"", 1)";Cuidado corporal;100;50
PRD-129;CREMA DENTAL COLGATE TRIPLE ACCION 75ML;;3.18;cuidado-personal-salud;/images/products/scraped/p557.jpg;https://vallearriba.elplazas.com/crema-dental-colgate-triple-accion-75ml.html;"=IMAGE(""https://jomstudiovzla.github.io/minegocio/images/products/scraped/p557.jpg"", 1)";Farmacia básica;100;50
PRD-130;TOALLAS HUMEDAS OKI BABY LOTION 20 UND;;1.30;cuidado-personal-salud;/images/products/scraped/p560.jpg;https://vallearriba.elplazas.com/plz-60002365un.html;"=IMAGE(""https://jomstudiovzla.github.io/minegocio/images/products/scraped/p560.jpg"", 1)";Farmacia básica;100;50
PRD-131;TAPAZOL 5MG X 60 TABLETAS;;14.25;cuidado-personal-salud;/images/products/scraped/p563.jpg;https://vallearriba.elplazas.com/plz-40000598un.html;"=IMAGE(""https://jomstudiovzla.github.io/minegocio/images/products/scraped/p563.jpg"", 1)";Farmacia básica;100;50
PRD-132;NIFEDIPINA LATTAN MEDIC 20MG X 30 COMPRIMIDOS;;6.35;cuidado-personal-salud;/images/products/scraped/p567.jpg;https://vallearriba.elplazas.com/plz-40010574un.html;"=IMAGE(""https://jomstudiovzla.github.io/minegocio/images/products/scraped/p567.jpg"", 1)";Farmacia básica;100;50
PRD-133;CREMA DENTAL ORAL B ENCIAS DETOX 102G;;7.31;cuidado-personal-salud;/images/products/scraped/p570.jpg;https://vallearriba.elplazas.com/plz-36007025un.html;"=IMAGE(""https://jomstudiovzla.github.io/minegocio/images/products/scraped/p570.jpg"", 1)";Farmacia básica;100;50
PRD-134;ZONTRICON X 6 COMPRIMIDOS;;24.45;cuidado-personal-salud;/images/products/scraped/p573.jpg;https://vallearriba.elplazas.com/plz-40005440un.html;"=IMAGE(""https://jomstudiovzla.github.io/minegocio/images/products/scraped/p573.jpg"", 1)";Farmacia básica;100;50
PRD-135;DERMACORTINE EMULSION X 60ML;;22.46;cuidado-personal-salud;/images/products/scraped/p576.jpg;https://vallearriba.elplazas.com/plz-40008208un.html;"=IMAGE(""https://jomstudiovzla.github.io/minegocio/images/products/scraped/p576.jpg"", 1)";Farmacia básica;100;50
PRD-136;BLOCKSOL PANTALLA SOLAR TONO OSCURO 60G;;22.04;cuidado-personal-salud;/images/products/scraped/p579.jpg;https://vallearriba.elplazas.com/plz-40008859un.html;"=IMAGE(""https://jomstudiovzla.github.io/minegocio/images/products/scraped/p579.jpg"", 1)";Farmacia básica;100;50
PRD-137;RAMIPRES 2,5MG X 30 COMPR;;10.95;cuidado-personal-salud;/images/products/scraped/p582.jpg;https://vallearriba.elplazas.com/plz-40009569un.html;"=IMAGE(""https://jomstudiovzla.github.io/minegocio/images/products/scraped/p582.jpg"", 1)";Farmacia básica;100;50
PRD-138;SOL LIMPIAD SIMPL EXPRESS LEN CONT 120ML;;9.74;cuidado-personal-salud;/images/products/scraped/p585.jpg;https://vallearriba.elplazas.com/plz-40011320un.html;"=IMAGE(""https://jomstudiovzla.github.io/minegocio/images/products/scraped/p585.jpg"", 1)";Farmacia básica;100;50
PRD-139;TINTE MYSTIC FANTASIA ROJO BERRY TUBO60G;;4.05;cuidado-personal-salud;/images/products/scraped/p588.jpg;https://vallearriba.elplazas.com/plz-36006611un.html;"=IMAGE(""https://jomstudiovzla.github.io/minegocio/images/products/scraped/p588.jpg"", 1)";Farmacia básica;100;50
PRD-140;SAL DE EPSOM BIOFARCO X 20G;;2.49;cuidado-personal-salud;/images/products/scraped/p591.jpg;https://vallearriba.elplazas.com/plz-40009612un.html;"=IMAGE(""https://jomstudiovzla.github.io/minegocio/images/products/scraped/p591.jpg"", 1)";Farmacia básica;100;50
PRD-141;DETERGENTE ALIVE CON SUAVIZANTE 1KG;;4.45;limpieza;/images/products/scraped/p484.jpg;https://vallearriba.elplazas.com/plz-30004476un.html;"=IMAGE(""https://jomstudiovzla.github.io/minegocio/images/products/scraped/p484.jpg"", 1)";Accesorios de limpieza;100;50
PRD-142;KEROSENE OPIN 900ML;;7.19;limpieza;/images/products/scraped/p489.jpg;https://vallearriba.elplazas.com/kerosene-opin-900ml.html;"=IMAGE(""https://jomstudiovzla.github.io/minegocio/images/products/scraped/p489.jpg"", 1)";Accesorios de limpieza;100;50
PRD-143;DETERGENTE EN POLVO PUREX FRAGANCIA ORIGINAL 850G;;4.25;limpieza;/images/products/scraped/p495.jpg;https://vallearriba.elplazas.com/plz-30004633un.html;"=IMAGE(""https://jomstudiovzla.github.io/minegocio/images/products/scraped/p495.jpg"", 1)";Accesorios de limpieza;100;50
PRD-144;LAVAPLATOS EN CREMA SUPREMO 3X PODER 450G;;4.67;limpieza;/images/products/scraped/p500.jpg;https://vallearriba.elplazas.com/plz-30003873un.html;"=IMAGE(""https://jomstudiovzla.github.io/minegocio/images/products/scraped/p500.jpg"", 1)";Accesorios de limpieza;100;50
PRD-145;INSECTICIDA RAID MAX CUCARACHAS Y CHIRIPAS SIN OLOR 360CC;;10.85;limpieza;/images/products/scraped/p506.jpg;https://vallearriba.elplazas.com/plz-30004230un.html;"=IMAGE(""https://jomstudiovzla.github.io/minegocio/images/products/scraped/p506.jpg"", 1)";Accesorios de limpieza;100;50
PRD-146;DETERG POLVO ARIEL PODER Y CUIDAD BIO4KG;;26.69;limpieza;/images/products/scraped/p511.jpg;https://vallearriba.elplazas.com/plz-30004727un.html;"=IMAGE(""https://jomstudiovzla.github.io/minegocio/images/products/scraped/p511.jpg"", 1)";Accesorios de limpieza;100;50
PRD-147;TRATAMIENTO MADEROL LIQUIDO FULLER MADERA 350CC;;9.93;limpieza;/images/products/scraped/p516.jpg;https://vallearriba.elplazas.com/plz-26000172un.html;"=IMAGE(""https://jomstudiovzla.github.io/minegocio/images/products/scraped/p516.jpg"", 1)";Accesorios de limpieza;100;50
PRD-148;LIMPIA HORNOS OSIREX PASTA 470G;;10.35;limpieza;/images/products/scraped/p521.jpg;https://vallearriba.elplazas.com/plz-26000798un.html;"=IMAGE(""https://jomstudiovzla.github.io/minegocio/images/products/scraped/p521.jpg"", 1)";Accesorios de limpieza;100;50
PRD-149;LIMPIADOR DE POCETAS MAS 1L;;9.21;limpieza;/images/products/scraped/p527.jpg;https://vallearriba.elplazas.com/limpiador-pocetas-mas-1-litro.html;"=IMAGE(""https://jomstudiovzla.github.io/minegocio/images/products/scraped/p527.jpg"", 1)";Accesorios de limpieza;100;50
PRD-150;INSECTICIDA PARA INSECTOS VOLADORES RAID 360CC;;11.45;limpieza;/images/products/scraped/p532.jpg;https://vallearriba.elplazas.com/insecticida-mata-voladores-raid-360cc.html;"=IMAGE(""https://jomstudiovzla.github.io/minegocio/images/products/scraped/p532.jpg"", 1)";Accesorios de limpieza;100;50
PRD-151;ESPONJA LIMPIA SOL ANTIRAYAS;;1.68;limpieza;/images/products/scraped/p537.jpg;https://vallearriba.elplazas.com/esponja-limpia-sol-anti-rayas.html;"=IMAGE(""https://jomstudiovzla.github.io/minegocio/images/products/scraped/p537.jpg"", 1)";Accesorios de limpieza;100;50
PRD-152;CABO DE MADERA CLARA;;3.45;limpieza;/images/products/scraped/p542.jpg;https://vallearriba.elplazas.com/plz-30003001un.html;"=IMAGE(""https://jomstudiovzla.github.io/minegocio/images/products/scraped/p542.jpg"", 1)";Accesorios de limpieza;100;50
PRD-153;CERA MAS NATURAL 500CC;;5.20;limpieza;/images/products/scraped/p547.jpg;https://vallearriba.elplazas.com/plz-30003527un.html;"=IMAGE(""https://jomstudiovzla.github.io/minegocio/images/products/scraped/p547.jpg"", 1)";Accesorios de limpieza;100;50
PRD-154;ESPONJA ETERNA DOBLE USO 2UN;;2.75;limpieza;/images/products/scraped/p552.jpg;https://vallearriba.elplazas.com/plz-30004391un.html;"=IMAGE(""https://jomstudiovzla.github.io/minegocio/images/products/scraped/p552.jpg"", 1)";Accesorios de limpieza;100;50
PRD-155;LAVAPLATOS LIQ KRIS 800 CC;;4.00;limpieza;/images/products/scraped/p482.jpg;https://vallearriba.elplazas.com/plz-30004707un.html;"=IMAGE(""https://jomstudiovzla.github.io/minegocio/images/products/scraped/p482.jpg"", 1)";Baño;100;50
PRD-156;ALMIDON FAULTLESS HEAVY LIMON EXTRA 567G;;7.74;limpieza;/images/products/scraped/p487.jpg;https://vallearriba.elplazas.com/plz-10005819un.html;"=IMAGE(""https://jomstudiovzla.github.io/minegocio/images/products/scraped/p487.jpg"", 1)";Baño;100;50
PRD-157;BOLSAS PROPALIM TIP B EXT FUERT200L X3UN;;6.99;limpieza;/images/products/scraped/p492.jpg;https://vallearriba.elplazas.com/bolsas-de-basura-fuerte-propalim-200lt-x4.html;"=IMAGE(""https://jomstudiovzla.github.io/minegocio/images/products/scraped/p492.jpg"", 1)";Baño;100;50
PRD-158;DESINFECTANTE PLAZAS BEBE 1L;;4.00;limpieza;/images/products/scraped/p498.jpg;https://vallearriba.elplazas.com/plz-30004689un.html;"=IMAGE(""https://jomstudiovzla.github.io/minegocio/images/products/scraped/p498.jpg"", 1)";Baño;100;50
PRD-159;SUAVIZANTE DOWNY INTENSE EXOTICO 1,4L;;11.11;limpieza;/images/products/scraped/p503.jpg;https://vallearriba.elplazas.com/plz-30004730un.html;"=IMAGE(""https://jomstudiovzla.github.io/minegocio/images/products/scraped/p503.jpg"", 1)";Baño;100;50
PRD-160;BOLSA SAMANTA PLAST 60 LT X6U X25P;;2.66;limpieza;/images/products/scraped/p509.jpg;https://vallearriba.elplazas.com/bolsas-plasticas-60lts-samanta-6-unidades.html;"=IMAGE(""https://jomstudiovzla.github.io/minegocio/images/products/scraped/p509.jpg"", 1)";Baño;100;50
PRD-161;LIMPIADOR DE MARMOL Y GRANITO FULLER 1L;;5.77;limpieza;/images/products/scraped/p514.jpg;https://vallearriba.elplazas.com/limpiador-de-marmol-y-granito-fuller-1l.html;"=IMAGE(""https://jomstudiovzla.github.io/minegocio/images/products/scraped/p514.jpg"", 1)";Baño;100;50
PRD-162;SET DE CEPILLO LA PALMA REAL LIMPIA POCETAS;;6.69;limpieza;/images/products/scraped/p519.jpg;https://vallearriba.elplazas.com/plz-26000701un.html;"=IMAGE(""https://jomstudiovzla.github.io/minegocio/images/products/scraped/p519.jpg"", 1)";Baño;100;50
PRD-163;COLETO EL EGIPCIO DE 3 RAYAS;;3.36;limpieza;/images/products/scraped/p525.jpg;https://vallearriba.elplazas.com/plz-26001424un.html;"=IMAGE(""https://jomstudiovzla.github.io/minegocio/images/products/scraped/p525.jpg"", 1)";Baño;100;50
PRD-164;PULIMENTO PRIDE NARANJA 360CC;;11.15;limpieza;/images/products/scraped/p530.jpg;https://vallearriba.elplazas.com/pulimento-pride-naranja-360ml.html;"=IMAGE(""https://jomstudiovzla.github.io/minegocio/images/products/scraped/p530.jpg"", 1)";Baño;100;50
PRD-165;BOLSAS PROPALIM TIPO B FUERTE 200L X 3UN;;5.30;limpieza;/images/products/scraped/p535.jpg;https://vallearriba.elplazas.com/plz-30002176un.html;"=IMAGE(""https://jomstudiovzla.github.io/minegocio/images/products/scraped/p535.jpg"", 1)";Baño;100;50
PRD-166;CLORO KRIS EN GEL 1L;;3.65;limpieza;/images/products/scraped/p540.jpg;https://vallearriba.elplazas.com/plz-30002812un.html;"=IMAGE(""https://jomstudiovzla.github.io/minegocio/images/products/scraped/p540.jpg"", 1)";Baño;100;50
PRD-167;JABON MULTIUSOS SUPREMO PODER LIMON 200G;;1.74;limpieza;/images/products/scraped/p545.jpg;https://vallearriba.elplazas.com/jabon-multiusos-supremo-limon-200g.html;"=IMAGE(""https://jomstudiovzla.github.io/minegocio/images/products/scraped/p545.jpg"", 1)";Baño;100;50
PRD-168;LAVAPLATOS LIQUIDO PLAZAS 800ML;;4.92;limpieza;/images/products/scraped/p550.jpg;https://vallearriba.elplazas.com/plz-30004321un.html;"=IMAGE(""https://jomstudiovzla.github.io/minegocio/images/products/scraped/p550.jpg"", 1)";Baño;100;50
PRD-169;DETERG LAS LLAVES FLORAL LIMP ACTIV400G;;1.55;limpieza;/images/products/scraped/p481.jpg;https://vallearriba.elplazas.com/plz-30004749un.html;"=IMAGE(""https://jomstudiovzla.github.io/minegocio/images/products/scraped/p481.jpg"", 1)";Cocina;100;50
PRD-170;AMBIENT GLADE AUT SPORT NITRO AP 7CC 60D;;8.29;limpieza;/images/products/scraped/p486.jpg;https://vallearriba.elplazas.com/plz-30004273un.html;"=IMAGE(""https://jomstudiovzla.github.io/minegocio/images/products/scraped/p486.jpg"", 1)";Cocina;100;50
PRD-171;BOLSAS PROPALIM TIPO TOBITA 15LTS X 8UND;;2.45;limpieza;/images/products/scraped/p491.jpg;https://vallearriba.elplazas.com/plz-30001650un.html;"=IMAGE(""https://jomstudiovzla.github.io/minegocio/images/products/scraped/p491.jpg"", 1)";Cocina;100;50
PRD-172;LAVAPLATOS LIQUIDO PLAZAS BAJA ESPUMA 800ML;;5.35;limpieza;/images/products/scraped/p497.jpg;https://vallearriba.elplazas.com/plz-30004325un.html;"=IMAGE(""https://jomstudiovzla.github.io/minegocio/images/products/scraped/p497.jpg"", 1)";Cocina;100;50
PRD-173;LIMPIADOR ANTIBACTERIAL FRAGANCIA LAVANDA FULLER 1L;;3.31;limpieza;/images/products/scraped/p502.jpg;https://vallearriba.elplazas.com/limpiador-antibacterial-lavanda-fuller-1ltr.html;"=IMAGE(""https://jomstudiovzla.github.io/minegocio/images/products/scraped/p502.jpg"", 1)";Cocina;100;50
PRD-174;PERLAS AROMTICAS DOWNY FRESH 141G;;11.79;limpieza;/images/products/scraped/p508.jpg;https://vallearriba.elplazas.com/plz-30004723un.html;"=IMAGE(""https://jomstudiovzla.github.io/minegocio/images/products/scraped/p508.jpg"", 1)";Cocina;100;50
PRD-175;PULIMENTO PRIDE NATURAL 360CC;;11.15;limpieza;/images/products/scraped/p513.jpg;https://vallearriba.elplazas.com/pulimento-pride-natural-360cc.html;"=IMAGE(""https://jomstudiovzla.github.io/minegocio/images/products/scraped/p513.jpg"", 1)";Cocina;100;50
PRD-176;CERVEZA POLAR PILSEN SLEEK LATA DE 355ML;;1;licores;/images/products/scraped/p-plazas-133154.jpg;;"=IMAGE(""https://jomstudiovzla.github.io/minegocio/images/products/scraped/p-plazas-133154.jpg"", 1)";Cervezas;100;50
PRD-177;CERVEZA POLAR PILSEN LATA DE 250ML;;1;licores;/images/products/scraped/p-plazas-132682.jpg;;"=IMAGE(""https://jomstudiovzla.github.io/minegocio/images/products/scraped/p-plazas-132682.jpg"", 1)";Cervezas;100;50
PRD-178;CERVEZA SOLERA LATA DE 250ML;;1;licores;/images/products/scraped/p-plazas-137240.jpg;;"=IMAGE(""https://jomstudiovzla.github.io/minegocio/images/products/scraped/p-plazas-137240.jpg"", 1)";Cervezas;100;50
PRD-179;CERVEZA CARDENAL LATA 250ML;;1;licores;/images/products/scraped/p-plazas-150618.jpg;;"=IMAGE(""https://jomstudiovzla.github.io/minegocio/images/products/scraped/p-plazas-150618.jpg"", 1)";Cervezas;100;50
PRD-180;CERVEZA CARDENAL ULTRA LATA 250ML;;1;licores;/images/products/scraped/p-plazas-151364.jpg;;"=IMAGE(""https://jomstudiovzla.github.io/minegocio/images/products/scraped/p-plazas-151364.jpg"", 1)";Cervezas;100;50
PRD-181;CERVEZA POLAR LIGHT EN BOLETTA NO RETORNABLE DE 355ML;;1;licores;/images/products/scraped/p-plazas-132136.jpg;;"=IMAGE(""https://jomstudiovzla.github.io/minegocio/images/products/scraped/p-plazas-132136.jpg"", 1)";Cervezas;100;50
PRD-182;SAMBUCA SICILIANA 070L;;18;licores;/images/products/scraped/p-plazas-143142.jpg;;"=IMAGE(""https://jomstudiovzla.github.io/minegocio/images/products/scraped/p-plazas-143142.jpg"", 1)";Otros destilados;100;50
PRD-183;VINO ROOT 1 CARMENERE 2022 075 L;;18;licores;/images/products/scraped/p-plazas-147237.jpg;;"=IMAGE(""https://jomstudiovzla.github.io/minegocio/images/products/scraped/p-plazas-147237.jpg"", 1)";Otros destilados;100;50
PRD-184;SANGRIA CARORENA VERANO BLANCA LATA DE 250ML;;1;licores;/images/products/scraped/p-plazas-145304.jpg;;"=IMAGE(""https://jomstudiovzla.github.io/minegocio/images/products/scraped/p-plazas-145304.jpg"", 1)";Rones;100;50
PRD-185;VODKA GORDONS MANDARINA 070L;;11;licores;/images/products/scraped/p-plazas-132421.jpg;;"=IMAGE(""https://jomstudiovzla.github.io/minegocio/images/products/scraped/p-plazas-132421.jpg"", 1)";Rones;100;50
PRD-186;HIELO EN BOLSA GRANDE POISO;;2;licores;/images/products/scraped/p-plazas-118573.jpg;;"=IMAGE(""https://jomstudiovzla.github.io/minegocio/images/products/scraped/p-plazas-118573.jpg"", 1)";Vinos;100;50
PRD-187;CARORENA VERANO MOJITO LATA 355ML;;2;licores;/images/products/scraped/p-plazas-149286.jpg;;"=IMAGE(""https://jomstudiovzla.github.io/minegocio/images/products/scraped/p-plazas-149286.jpg"", 1)";Vinos;100;50
PRD-188;VINO ROOT 1 PINOT NOIR 2022 075 L;;18;licores;/images/products/scraped/p-plazas-147236.jpg;;"=IMAGE(""https://jomstudiovzla.github.io/minegocio/images/products/scraped/p-plazas-147236.jpg"", 1)";Vinos;100;50
PRD-189;SANGRIA CAROREÑA VERANO LATA DE 250ML;;1;licores;/images/products/scraped/p-plazas-136583.jpg;;"=IMAGE(""https://jomstudiovzla.github.io/minegocio/images/products/scraped/p-plazas-136583.jpg"", 1)";Whisky;100;50
PRD-190;VINO ROOT1 CABERNET SAUVIGNON 2022 075L;;18;licores;/images/products/scraped/p-plazas-147238.jpg;;"=IMAGE(""https://jomstudiovzla.github.io/minegocio/images/products/scraped/p-plazas-147238.jpg"", 1)";Whisky;100;50